Data,Iterations,Time
4,10000,0.01558
4,100000,0.0004021
4,1000000,0.001676
4,10000000,0.01536
9,10000,0.0002056
9,100000,0.0001114
9,1000000,0.001579
9,10000000,0.01535
100,10000,0.0001778
100,100000,0.00011
100,1000000,0.001581
100,10000000,0.01535
400,10000,0.0001882
400,100000,0.0001139
400,1000000,0.001653
400,10000000,0.01535
1024,10000,0.0001973
1024,100000,0.0001212
1024,1000000,0.001655
1024,10000000,0.01535
