Data,Iterations,Time
4,10000,0.01602
4,100000,0.0006084
4,1000000,0.001687
4,10000000,0.01536
10,10000,0.0001905
10,100000,0.000112
10,1000000,0.001574
10,10000000,0.01534
100,10000,0.000195
100,100000,0.000113
100,1000000,0.00158
100,10000000,0.01536
400,10000,0.00019
400,100000,0.0001136
400,1000000,0.001577
400,10000000,0.01536
1000,10000,0.0001969
1000,100000,0.000114
1000,1000000,0.001652
1000,10000000,0.01535
