Data,Iterations,Time
4,10000,0.03364
4,100000,0.0003828
4,1000000,0.001606
4,10000000,0.01537
10,10000,0.0001947
10,100000,0.0001117
10,1000000,0.001584
10,10000000,0.01538
100,10000,0.0001857
100,100000,0.000114
100,1000000,0.001582
100,10000000,0.01535
400,10000,0.0001708
400,100000,0.0001148
400,1000000,0.001587
400,10000000,0.01536
1000,10000,0.0001959
1000,100000,0.0001109
1000,1000000,0.001655
1000,10000000,0.01536
