Data,Iterations,Time
4,10000,0.01564
4,100000,0.000404
4,1000000,0.001609
4,10000000,0.01536
10,10000,0.0001799
10,100000,0.0001144
10,1000000,0.001596
10,10000000,0.01536
100,10000,0.000178
100,100000,0.000115
100,1000000,0.001588
100,10000000,0.01536
400,10000,0.0001871
400,100000,0.0001139
400,1000000,0.001582
400,10000000,0.01536
1000,10000,0.0001981
1000,100000,0.0001173
1000,1000000,0.001667
1000,10000000,0.01535
