Data,Iterations,Time
4,10000,0.03274
4,100000,0.0003885
4,1000000,0.001643
4,10000000,0.01535
10,10000,0.0001811
10,100000,0.0001088
10,1000000,0.00158
10,10000000,0.01534
100,10000,0.0001769
100,100000,0.0001111
100,1000000,0.001586
100,10000000,0.01534
400,10000,0.000171
400,100000,0.0001084
400,1000000,0.001574
400,10000000,0.01535
1000,10000,0.0001775
1000,100000,0.0001088
1000,1000000,0.001755
1000,10000000,0.01534
