Data,Iterations,Time
4,10000,0.01554
4,100000,0.0006204
4,1000000,0.001755
4,10000000,0.01535
9,10000,0.000177
9,100000,0.0001142
9,1000000,0.001578
9,10000000,0.01534
100,10000,0.0002106
100,100000,0.0001124
100,1000000,0.001582
100,10000000,0.01537
400,10000,0.0001726
400,100000,0.0001122
400,1000000,0.001658
400,10000000,0.01535
1024,10000,0.000218
1024,100000,0.0001166
1024,1000000,0.001644
1024,10000000,0.01536
