Data,Iterations,Time
4,10000,0.01531
4,100000,0.0004516
4,1000000,0.001505
4,10000000,0.00953
10,10000,0.0001882
10,100000,0.0001679
10,1000000,0.0001815
10,10000000,0.0002786
100,10000,0.0001739
100,100000,0.0001897
100,1000000,0.0002454
100,10000000,0.0002735
400,10000,0.0001916
400,100000,0.0001753
400,1000000,0.0002205
400,10000000,0.0002759
1000,10000,0.0001987
1000,100000,0.0002031
1000,1000000,0.0002264
1000,10000000,0.000306
