Data,Iterations,Time
4,10000,0.0009171
4,100000,0.001164
4,1000000,0.009433
4,10000000,0.166
9,10000,0.00258
9,100000,0.002637
9,1000000,0.009844
9,10000000,0.1628
100,10000,0.002682
100,100000,0.002677
100,1000000,0.009372
100,10000000,0.1667
400,10000,0.002503
400,100000,0.002535
400,1000000,0.009847
400,10000000,0.1712
1024,10000,0.002582
1024,100000,0.002594
1024,1000000,0.01016
1024,10000000,0.1941
