Data,Iterations,Time
4,10000,0.0008909
4,100000,0.001032
4,1000000,0.00887
4,10000000,0.1585
9,10000,0.00251
9,100000,0.002153
9,1000000,0.009575
9,10000000,0.1609
100,10000,0.002521
100,100000,0.002041
100,1000000,0.009701
100,10000000,0.16
400,10000,0.002585
400,100000,0.002302
400,1000000,0.009347
400,10000000,0.1594
1024,10000,0.002763
1024,100000,0.002293
1024,1000000,0.009881
1024,10000000,0.1608
