Data,Iterations,Time
4,10000,0.0001519
4,100000,0.0001374
4,1000000,0.0008942
4,10000000,0.005001
9,10000,0.001051
9,100000,0.0002228
9,1000000,0.001007
9,10000000,0.004896
100,10000,0.001031
100,100000,9.838e-05
100,1000000,0.0004609
100,10000000,0.005418
400,10000,0.0011
400,100000,0.0001738
400,1000000,0.0007012
400,10000000,0.005036
1024,10000,0.001055
1024,100000,0.0001126
1024,1000000,0.0005264
1024,10000000,0.005023
