Data,Iterations,Time
4,10000,0.00127
4,100000,0.001209
4,1000000,0.0109
4,10000000,0.4131
9,10000,0.02312
9,100000,0.006173
9,1000000,0.06331
9,10000000,0.242
100,10000,0.00349
100,100000,0.0009298
100,1000000,0.01039
100,10000000,0.1844
400,10000,0.002883
400,100000,0.0008786
400,1000000,0.008996
400,10000000,0.1819
1024,10000,0.00319
1024,100000,0.0007977
1024,1000000,0.009537
1024,10000000,0.1813
