Data,Iterations,Time
4,10000,5.624e-05
4,100000,0.000139
4,1000000,0.0007969
4,10000000,0.005269
9,10000,0.001122
9,100000,0.000153
9,1000000,0.0007609
9,10000000,0.005176
100,10000,0.001021
100,100000,0.0001363
100,1000000,0.0006952
100,10000000,0.005769
400,10000,0.001138
400,100000,0.0003134
400,1000000,0.0006067
400,10000000,0.006106
1024,10000,0.001091
1024,100000,0.0001801
1024,1000000,0.000693
1024,10000000,0.004996
