Data,Iterations,Time
4,10000,0.03627
4,100000,0.03418
4,1000000,0.03637
4,10000000,0.04579
9,10000,0.03264
9,100000,0.03114
9,1000000,0.03265
9,10000000,0.04437
100,10000,0.03414
100,100000,0.03253
100,1000000,0.03402
100,10000000,0.04667
400,10000,0.03271
400,100000,0.03228
400,1000000,0.03334
400,10000000,0.04629
1024,10000,0.03461
1024,100000,0.03192
1024,1000000,0.03525
1024,10000000,0.04273
