Data,Iterations,Time
4,10000,0.0001482
4,100000,0.0001815
4,1000000,0.0008954
4,10000000,0.005992
9,10000,0.001459
9,100000,0.0002339
9,1000000,0.0005788
9,10000000,0.005656
100,10000,0.001355
100,100000,0.0003118
100,1000000,0.0009706
100,10000000,0.004555
400,10000,0.001725
400,100000,8.41e-05
400,1000000,0.001022
400,10000000,0.005099
1024,10000,0.001572
1024,100000,0.0001045
1024,1000000,0.0006966
1024,10000000,0.005317
