Data,Iterations,Time
4,10000,0.0009243
4,100000,0.004541
4,1000000,0.00955
4,10000000,0.1609
9,10000,0.002477
9,100000,0.0005682
9,1000000,0.008567
9,10000000,0.1605
100,10000,0.002451
100,100000,0.0005991
100,1000000,0.008543
100,10000000,0.1621
400,10000,0.002544
400,100000,0.0006345
400,1000000,0.008603
400,10000000,0.1624
1024,10000,0.002704
1024,100000,0.0006607
1024,1000000,0.00856
1024,10000000,0.1625
