Data,Iterations,Time
4,10000,0.01605
4,100000,0.0003607
4,1000000,0.001609
4,10000000,0.01538
9,10000,0.0001722
9,100000,0.0001244
9,1000000,0.001585
9,10000000,0.01536
100,10000,0.0001821
100,100000,0.0001204
100,1000000,0.00159
100,10000000,0.01537
400,10000,0.0001702
400,100000,0.0001199
400,1000000,0.001587
400,10000000,0.01535
1024,10000,0.0001875
1024,100000,0.0001184
1024,1000000,0.00182
1024,10000000,0.01536
