Data,Iterations,Time
4,10000,0.01872
4,100000,0.001087
4,1000000,0.002695
4,10000000,0.02484
9,10000,0.0002476
9,100000,0.0002458
9,1000000,0.002596
9,10000000,0.02496
100,10000,0.0002012
100,100000,0.0002431
100,1000000,0.00261
100,10000000,0.02498
400,10000,0.0002326
400,100000,0.000248
400,1000000,0.002641
400,10000000,0.02495
1024,10000,0.0002369
1024,100000,0.0002337
1024,1000000,0.002588
1024,10000000,0.02498
