Data,Iterations,Time
4,10000,0.01599
4,100000,0.001763
4,1000000,0.001807
4,10000000,0.01536
9,10000,0.0002298
9,100000,0.0001111
9,1000000,0.001571
9,10000000,0.01535
100,10000,0.000183
100,100000,0.0001121
100,1000000,0.001573
100,10000000,0.01535
400,10000,0.0001995
400,100000,0.0001109
400,1000000,0.001582
400,10000000,0.01534
1024,10000,0.0001754
1024,100000,0.0001115
1024,1000000,0.001651
1024,10000000,0.01536
