Data,Iterations,Time
4,10000,0.01802
4,100000,0.0005359
4,1000000,0.002662
4,10000000,0.02505
9,10000,0.0002266
9,100000,0.0002439
9,1000000,0.002632
9,10000000,0.02505
100,10000,0.0002015
100,100000,0.0002304
100,1000000,0.00263
100,10000000,0.02506
400,10000,0.00022
400,100000,0.0002239
400,1000000,0.002722
400,10000000,0.02502
1024,10000,0.0002546
1024,100000,0.0002566
1024,1000000,0.002583
1024,10000000,0.02505
