Data,Iterations,Time
4,10000,0.01634
4,100000,0.0004957
4,1000000,0.003364
4,10000000,0.02506
9,10000,0.0002074
9,100000,0.0002372
9,1000000,0.002576
9,10000000,0.02506
100,10000,0.000205
100,100000,0.0002407
100,1000000,0.002606
100,10000000,0.02504
400,10000,0.0001904
400,100000,0.0002394
400,1000000,0.002756
400,10000000,0.02509
1024,10000,0.0002324
1024,100000,0.000251
1024,1000000,0.002749
1024,10000000,0.02504
