Data,Iterations,Time
4,10000,0.03218
4,100000,0.0003925
4,1000000,0.001609
4,10000000,0.01535
9,10000,0.0001972
9,100000,0.0001124
9,1000000,0.001585
9,10000000,0.01534
100,10000,0.0001802
100,100000,0.0001147
100,1000000,0.001585
100,10000000,0.01534
400,10000,0.0001817
400,100000,0.0001161
400,1000000,0.001583
400,10000000,0.01535
1024,10000,0.0002391
1024,100000,0.0001112
1024,1000000,0.001665
1024,10000000,0.01534
