Data,Iterations,Time
4,10000,0.08263
4,100000,0.05548
4,1000000,0.05835
4,10000000,0.05239
9,10000,0.04397
9,100000,0.05146
9,1000000,0.05119
9,10000000,0.05126
100,10000,0.04499
100,100000,0.05047
100,1000000,0.05019
100,10000000,0.05145
400,10000,0.04304
400,100000,0.05089
400,1000000,0.05142
400,10000000,0.05237
1024,10000,0.04449
1024,100000,0.05335
1024,1000000,0.05806
1024,10000000,0.05153
