Data,Iterations,Time
4,10000,0.0001194
4,100000,0.0001051
4,1000000,0.0001524
4,10000000,0.0007536
9,10000,6.065e-05
9,100000,5.745e-05
9,1000000,0.0001425
9,10000000,0.001082
100,10000,0.0001227
100,100000,0.0001675
100,1000000,0.0001094
100,10000000,0.0008083
400,10000,0.0001711
400,100000,6.238e-05
400,1000000,0.000155
400,10000000,0.0007099
1024,10000,0.0001278
1024,100000,0.0001194
1024,1000000,0.000129
1024,10000000,0.001021
