Data,Iterations,Time
4,10000,5.5e-05
4,100000,6.192e-05
4,1000000,0.0001283
4,10000000,0.0009134
9,10000,0.0001105
9,100000,0.000123
9,1000000,0.0002457
9,10000000,0.0007197
100,10000,5.874e-05
100,100000,6.312e-05
100,1000000,0.0001533
100,10000000,0.0007876
400,10000,0.0001069
400,100000,6.044e-05
400,1000000,0.0001217
400,10000000,0.0009462
1024,10000,9.885e-05
1024,100000,0.0001136
1024,1000000,0.0001356
1024,10000000,0.0007582
