Data,Iterations,Time
4,10000,0.08281
4,100000,0.05609
4,1000000,0.05253
4,10000000,0.05258
9,10000,0.04567
9,100000,0.05173
9,1000000,0.05155
9,10000000,0.05254
100,10000,0.04645
100,100000,0.06199
100,1000000,0.05784
100,10000000,0.05179
400,10000,0.04513
400,100000,0.05229
400,1000000,0.0516
400,10000000,0.05229
1024,10000,0.04557
1024,100000,0.05223
1024,1000000,0.05325
1024,10000000,0.0515
