Data,Iterations,Time
4,10000,0.0796
4,100000,0.05569
4,1000000,0.05637
4,10000000,0.06191
9,10000,0.04622
9,100000,0.05396
9,1000000,0.05192
9,10000000,0.0616
100,10000,0.04533
100,100000,0.05295
100,1000000,0.05264
100,10000000,0.05838
400,10000,0.04542
400,100000,0.05236
400,1000000,0.05499
400,10000000,0.05857
1024,10000,0.04455
1024,100000,0.05773
1024,1000000,0.05953
1024,10000000,0.05933
