Data,Iterations,Time
4,10000,0.07775
4,100000,0.05544
4,1000000,0.05217
4,10000000,0.05393
9,10000,0.04412
9,100000,0.05202
9,1000000,0.05312
9,10000000,0.05123
100,10000,0.04877
100,100000,0.05282
100,1000000,0.05139
100,10000000,0.05254
400,10000,0.04706
400,100000,0.05294
400,1000000,0.05141
400,10000000,0.05305
1024,10000,0.04456
1024,100000,0.05154
1024,1000000,0.05098
1024,10000000,0.05233
