Data,Iterations,Time
4,10000,0.0002022
4,100000,0.0001204
4,1000000,0.0001207
4,10000000,0.000836
9,10000,0.0001342
9,100000,0.000125
9,1000000,0.0001199
9,10000000,0.0007331
100,10000,0.0001444
100,100000,0.0002126
100,1000000,0.0001167
100,10000000,0.0009732
400,10000,6.702e-05
400,100000,8.024e-05
400,1000000,0.0001025
400,10000000,0.0008155
1024,10000,0.0001108
1024,100000,5.941e-05
1024,1000000,0.000116
1024,10000000,0.0007547
