Data,Iterations,Time
4,10000,0.0004559
4,100000,0.0004498
4,1000000,0.002826
4,10000000,0.01376
9,10000,0.0008132
9,100000,0.0005501
9,1000000,0.001515
9,10000000,0.01288
100,10000,0.0005781
100,100000,0.0005746
100,1000000,0.001466
100,10000000,0.01305
400,10000,0.0007537
400,100000,0.0006255
400,1000000,0.00148
400,10000000,0.01277
1024,10000,0.0005253
1024,100000,0.0004504
1024,1000000,0.001516
1024,10000000,0.01326
