Data,Iterations,Time
4,10000,0.0001982
4,100000,0.00147
4,1000000,0.01991
4,10000000,0.2016
10,10000,0.0003662
10,100000,0.001504
10,1000000,0.01964
10,10000000,0.2014
100,10000,0.0003307
100,100000,0.001508
100,1000000,0.01977
100,10000000,0.2015
400,10000,0.0003425
400,100000,0.001502
400,1000000,0.01982
400,10000000,0.2085
1000,10000,0.0003858
1000,100000,0.001541
1000,1000000,0.02046
1000,10000000,0.2038
