Data,Iterations,Time
4,10000,0.0002038
4,100000,0.001364
4,1000000,0.01933
4,10000000,0.2022
10,10000,0.0003245
10,100000,0.00149
10,1000000,0.01925
10,10000000,0.2017
100,10000,0.0004352
100,100000,0.00149
100,1000000,0.01962
100,10000000,0.2041
400,10000,0.0003422
400,100000,0.001621
400,1000000,0.01991
400,10000000,0.2116
1000,10000,0.000398
1000,100000,0.001505
1000,1000000,0.01968
1000,10000000,0.2041
