Data,Iterations,Time
4,10000,0.0002015
4,100000,0.001414
4,1000000,0.02087
4,10000000,0.2011
9,10000,0.0003321
9,100000,0.001457
9,1000000,0.01912
9,10000000,0.2012
100,10000,0.0003143
100,100000,0.001494
100,1000000,0.01927
100,10000000,0.2011
400,10000,0.0003597
400,100000,0.001461
400,1000000,0.01963
400,10000000,0.2063
1024,10000,0.0003812
1024,100000,0.001576
1024,1000000,0.01985
1024,10000000,0.2059
