Data,Iterations,Time
4,10000,0.0002153
4,100000,0.001427
4,1000000,0.0192
4,10000000,0.2021
10,10000,0.0003948
10,100000,0.001474
10,1000000,0.01971
10,10000000,0.2079
100,10000,0.0003737
100,100000,0.001501
100,1000000,0.02047
100,10000000,0.2054
400,10000,0.0003744
400,100000,0.001557
400,1000000,0.02507
400,10000000,0.2113
1000,10000,0.0004204
1000,100000,0.001495
1000,1000000,0.01989
1000,10000000,0.2127
