Data,Iterations,Time
4,10000,0.0002847
4,100000,0.002568
4,1000000,0.02045
4,10000000,0.2009
9,10000,0.0004715
9,100000,0.002276
9,1000000,0.01947
9,10000000,0.2077
100,10000,0.0004097
100,100000,0.002331
100,1000000,0.01966
100,10000000,0.2009
400,10000,0.0004234
400,100000,0.002376
400,1000000,0.01925
400,10000000,0.2072
1024,10000,0.0004283
1024,100000,0.002452
1024,1000000,0.02116
1024,10000000,0.2037
