Data,Iterations,Time
4,10000,0.000213
4,100000,0.004953
4,1000000,0.01901
4,10000000,0.2027
10,10000,0.000366
10,100000,0.001488
10,1000000,0.01923
10,10000000,0.2013
100,10000,0.0003507
100,100000,0.001543
100,1000000,0.01929
100,10000000,0.2012
400,10000,0.0003458
400,100000,0.0015
400,1000000,0.01904
400,10000000,0.2035
1000,10000,0.0003396
1000,100000,0.001523
1000,1000000,0.01936
1000,10000000,0.2024
