Data,Iterations,Time
4,10000,0.0002058
4,100000,0.001386
4,1000000,0.02097
4,10000000,0.2198
10,10000,0.0003758
10,100000,0.001679
10,1000000,0.02089
10,10000000,0.2038
100,10000,0.0003244
100,100000,0.001514
100,1000000,0.01986
100,10000000,0.2028
400,10000,0.0003559
400,100000,0.0015
400,1000000,0.02005
400,10000000,0.2081
1000,10000,0.0003952
1000,100000,0.001615
1000,1000000,0.02188
1000,10000000,0.2064
