Data,Iterations,Time
4,10000,0.0001996
4,100000,0.004756
4,1000000,0.01931
4,10000000,0.2055
10,10000,0.0004789
10,100000,0.001515
10,1000000,0.01965
10,10000000,0.2129
100,10000,0.0003397
100,100000,0.00146
100,1000000,0.02036
100,10000000,0.2057
400,10000,0.0003702
400,100000,0.001451
400,1000000,0.01958
400,10000000,0.2053
1000,10000,0.0003936
1000,100000,0.001599
1000,1000000,0.02201
1000,10000000,0.2075
