Data,Iterations,Time
4,10000,0.0003669
4,100000,0.03095
4,1000000,0.02139
4,10000000,0.2026
9,10000,0.0004929
9,100000,0.002284
9,1000000,0.01967
9,10000000,0.2015
100,10000,0.0004903
100,100000,0.002311
100,1000000,0.01954
100,10000000,0.2039
400,10000,0.0005109
400,100000,0.002325
400,1000000,0.02055
400,10000000,0.2114
1024,10000,0.0005245
1024,100000,0.002367
1024,1000000,0.02077
1024,10000000,0.2115
