Data,Iterations,Time4,10000,0.0001955
4,100000,0.00145
4,1000000,0.01932
4,10000000,0.2016
10,10000,0.0003936
10,100000,0.00153
10,1000000,0.01948
10,10000000,0.2017
100,10000,0.0004025
100,100000,0.001503
100,1000000,0.01956
100,10000000,0.2029
400,10000,0.0004855
400,100000,0.001534
400,1000000,0.02063
400,10000000,0.2091
1000,10000,0.0003597
1000,100000,0.00155
1000,1000000,0.02077
1000,10000000,0.2075
