Data,Iterations,Time
4,10000,0.0003247
4,100000,0.002492
4,1000000,0.02154
4,10000000,0.2116
9,10000,0.0004536
9,100000,0.002302
9,1000000,0.02008
9,10000000,0.2027
100,10000,0.0004402
100,100000,0.002314
100,1000000,0.01964
100,10000000,0.2032
400,10000,0.0004625
400,100000,0.002294
400,1000000,0.01943
400,10000000,0.2036
1024,10000,0.0004652
1024,100000,0.002503
1024,1000000,0.0205
1024,10000000,0.2038
