Data,Iterations,Time
4,10000,0.000327
4,100000,0.002518
4,1000000,0.02039
4,10000000,0.205
9,10000,0.0004426
9,100000,0.002388
9,1000000,0.01946
9,10000000,0.2024
100,10000,0.0004277
100,100000,0.00234
100,1000000,0.0198
100,10000000,0.2037
400,10000,0.0004716
400,100000,0.002413
400,1000000,0.01931
400,10000000,0.2084
1024,10000,0.0004855
1024,100000,0.002394
1024,1000000,0.01955
1024,10000000,0.2056
