Data,Iterations,Time
4,10000,0.0003494
4,100000,0.002508
4,1000000,0.02048
4,10000000,0.2015
9,10000,0.0004555
9,100000,0.002247
9,1000000,0.01958
9,10000000,0.2018
100,10000,0.0004338
100,100000,0.002281
100,1000000,0.01942
100,10000000,0.2038
400,10000,0.000471
400,100000,0.002313
400,1000000,0.01874
400,10000000,0.2089
1024,10000,0.0004875
1024,100000,0.002506
1024,1000000,0.01986
1024,10000000,0.2036
