Data,Iterations,Time
4,10000,0.0003211
4,100000,0.002452
4,1000000,0.02005
4,10000000,0.202
9,10000,0.0004985
9,100000,0.002295
9,1000000,0.0189
9,10000000,0.2003
100,10000,0.0004338
100,100000,0.002307
100,1000000,0.01884
100,10000000,0.2017
400,10000,0.0004541
400,100000,0.002329
400,1000000,0.01918
400,10000000,0.2084
1024,10000,0.0004926
1024,100000,0.002419
1024,1000000,0.0196
1024,10000000,0.2043
