Data,Iterations,Time
4,10000,0.03288
4,100000,0.000436
4,1000000,0.001979
4,10000000,0.01928
10,10000,0.0001435
10,100000,0.0001647
10,1000000,0.00197
10,10000000,0.01917
100,10000,0.0001388
100,100000,0.0001708
100,1000000,0.001968
100,10000000,0.01915
400,10000,0.0001416
400,100000,0.0001602
400,1000000,0.001966
400,10000000,0.01915
1000,10000,0.0001471
1000,100000,0.0001641
1000,1000000,0.00223
1000,10000000,0.01916
