Data,Iterations,Time
4,10000,0.0327
4,100000,0.0004336
4,1000000,0.002078
4,10000000,0.01928
9,10000,0.0001435
9,100000,0.0001647
9,1000000,0.001967
9,10000000,0.01918
100,10000,0.0001319
100,100000,0.0001697
100,1000000,0.00198
100,10000000,0.01915
400,10000,0.000121
400,100000,0.0001604
400,1000000,0.001967
400,10000000,0.01915
1024,10000,0.0001864
1024,100000,0.0001756
1024,1000000,0.002067
1024,10000000,0.01914
