Data,Iterations,Time
4,10000,0.03324
4,100000,0.0003887
4,1000000,0.0003277
4,10000000,0.0006673
10,10000,0.0001579
10,100000,0.0001108
10,1000000,0.0001221
10,10000000,0.0002005
100,10000,0.0001339
100,100000,0.0001132
100,1000000,0.0001344
100,10000000,0.0001921
400,10000,0.0001367
400,100000,0.0001029
400,1000000,0.0001279
400,10000000,0.0001913
1000,10000,0.0001611
1000,100000,0.0001154
1000,1000000,0.0001326
1000,10000000,0.0002035
