Data,Iterations,Time
4,10000,0.03265
4,100000,0.0004146
4,1000000,0.001981
4,10000000,0.01929
9,10000,0.0001531
9,100000,0.0001642
9,1000000,0.001975
9,10000000,0.01916
100,10000,0.0001405
100,100000,0.0001757
100,1000000,0.001975
100,10000000,0.01923
400,10000,0.0001583
400,100000,0.0001732
400,1000000,0.002077
400,10000000,0.0192
1024,10000,0.0001824
1024,100000,0.0001738
1024,1000000,0.002089
1024,10000000,0.01917
