Data,Iterations,Time
4,10000,0.03312
4,100000,0.0004299
4,1000000,0.001976
4,10000000,0.0193
10,10000,0.0001669
10,100000,0.0001639
10,1000000,0.001969
10,10000000,0.01916
100,10000,0.0001276
100,100000,0.0001658
100,1000000,0.001968
100,10000000,0.01916
400,10000,0.0001299
400,100000,0.000171
400,1000000,0.001978
400,10000000,0.01917
1000,10000,0.0001408
1000,100000,0.0001628
1000,1000000,0.00207
1000,10000000,0.01916
