Data,Iterations,Time
4,10000,0.04386
4,100000,0.0004342
4,1000000,0.001975
4,10000000,0.01932
9,10000,0.0001463
9,100000,0.0001653
9,1000000,0.001965
9,10000000,0.01917
100,10000,0.000124
100,100000,0.0001668
100,1000000,0.001969
100,10000000,0.01918
400,10000,0.0001437
400,100000,0.0001675
400,1000000,0.001976
400,10000000,0.01917
1024,10000,0.0002061
1024,100000,0.0001694
1024,1000000,0.002213
1024,10000000,0.01916
