Data,Iterations,Time
4,10000,0.03197
4,100000,0.0004141
4,1000000,0.001981
4,10000000,0.0193
9,10000,0.0001492
9,100000,0.0001698
9,1000000,0.001972
9,10000000,0.01919
100,10000,0.0001426
100,100000,0.0001729
100,1000000,0.001979
100,10000000,0.01916
400,10000,0.0001262
400,100000,0.0001613
400,1000000,0.001969
400,10000000,0.0192
1024,10000,0.0001656
1024,100000,0.0001663
1024,1000000,0.002063
1024,10000000,0.01915
