Data,Iterations,Time
4,10000,0.03289
4,100000,0.0004288
4,1000000,0.001971
4,10000000,0.02104
9,10000,0.0001449
9,100000,0.0001623
9,1000000,0.001971
9,10000000,0.01916
100,10000,0.0001278
100,100000,0.0001691
100,1000000,0.001976
100,10000000,0.01918
400,10000,0.000145
400,100000,0.0001666
400,1000000,0.002061
400,10000000,0.01917
1024,10000,0.0001871
1024,100000,0.0001698
1024,1000000,0.002035
1024,10000000,0.01914
