Data,Iterations,Time
4,10000,0.03287
4,100000,0.0004216
4,1000000,0.001989
4,10000000,0.01927
9,10000,0.0001385
9,100000,0.0001605
9,1000000,0.001964
9,10000000,0.01916
100,10000,0.0001197
100,100000,0.000163
100,1000000,0.001972
100,10000000,0.01915
400,10000,0.0001374
400,100000,0.0001636
400,1000000,0.001969
400,10000000,0.01916
1024,10000,0.0001369
1024,100000,0.0001577
1024,1000000,0.002119
1024,10000000,0.01913
