Data,Iterations,Time
4,10000,0.03305
4,100000,0.000433
4,1000000,0.001988
4,10000000,0.01931
9,10000,0.0001521
9,100000,0.0001696
9,1000000,0.00198
9,10000000,0.01919
100,10000,0.000137
100,100000,0.0001796
100,1000000,0.001974
100,10000000,0.01919
400,10000,0.0001282
400,100000,0.0001694
400,1000000,0.002072
400,10000000,0.01916
1024,10000,0.000147
1024,100000,0.0001621
1024,1000000,0.002059
1024,10000000,0.01918
