Data,Iterations,Time
4,10000,0.04346
4,100000,0.0004241
4,1000000,0.00197
4,10000000,0.01926
10,10000,0.000137
10,100000,0.0001622
10,1000000,0.001964
10,10000000,0.0192
100,10000,0.0001315
100,100000,0.0001629
100,1000000,0.001974
100,10000000,0.01918
400,10000,0.0001303
400,100000,0.0001691
400,1000000,0.00198
400,10000000,0.01915
1000,10000,0.0001377
1000,100000,0.0002041
1000,1000000,0.002067
1000,10000000,0.01915
