Data,Iterations,Time
4,10000,0.03273
4,100000,0.0003884
4,1000000,0.0003078
4,10000000,0.0007234
10,10000,0.0001897
10,100000,0.0001101
10,1000000,0.000111
10,10000000,0.0002122
100,10000,0.0001309
100,100000,0.0001095
100,1000000,0.000134
100,10000000,0.0001932
400,10000,0.0001486
400,100000,0.00012
400,1000000,0.0001324
400,10000000,0.0002061
1000,10000,0.0001573
1000,100000,0.0001143
1000,1000000,0.0001229
1000,10000000,0.0001954
