Data,Iterations,Time
4,10000,0.04145
4,100000,0.0004214
4,1000000,0.001981
4,10000000,0.01929
10,10000,0.0001665
10,100000,0.0001645
10,1000000,0.001968
10,10000000,0.01915
100,10000,0.0001515
100,100000,0.000168
100,1000000,0.002087
100,10000000,0.01917
400,10000,0.0001238
400,100000,0.0002007
400,1000000,0.002037
400,10000000,0.01916
1000,10000,0.0001487
1000,100000,0.0001668
1000,1000000,0.002043
1000,10000000,0.01915
