Data,Iterations,Time4,10000,0.03318
4,100000,0.0003927
4,1000000,0.000318
4,10000000,0.0006669
10,10000,0.0001683
10,100000,0.0001065
10,1000000,0.0001091
10,10000000,0.0002029
100,10000,0.0001324
100,100000,0.0001672
100,1000000,0.000125
100,10000000,0.0002505
400,10000,0.0001421
400,100000,0.000113
400,1000000,0.0001204
400,10000000,0.0002019
1000,10000,0.0001537
1000,100000,0.0001133
1000,1000000,0.0001475
1000,10000000,0.0002128
