Data,Iterations,Time
4,10000,0.000055
4,100000,0.000834
4,1000000,0.022842
4,10000000,0.242620
9,10000,0.000051
9,100000,0.000790
9,1000000,0.015751
9,10000000,0.243978
100,10000,0.000050
100,100000,0.000745
100,1000000,0.020755
100,10000000,0.242521
400,10000,0.000048
400,100000,0.000796
400,1000000,0.021128
400,10000000,0.243966
1024,10000,0.000050
1024,100000,0.000841
1024,1000000,0.020950
1024,10000000,0.242285
