Data,Iterations,Time
4,10000,0.000055
4,100000,0.000727
4,1000000,0.022752
4,10000000,0.239716
10,10000,0.000053
10,100000,0.000705
10,1000000,0.016269
10,10000000,0.240024
100,10000,0.000055
100,100000,0.000706
100,1000000,0.020814
100,10000000,0.239568
400,10000,0.000052
400,100000,0.000778
400,1000000,0.020888
400,10000000,0.241159
1000,10000,0.000053
1000,100000,0.000777
1000,1000000,0.020551
1000,10000000,0.244308
