Data,Iterations,Time
4,10000,0.000052
4,100000,0.000748
4,1000000,0.023155
4,10000000,0.238948
9,10000,0.000051
9,100000,0.000711
9,1000000,0.015854
9,10000000,0.238359
100,10000,0.000053
100,100000,0.000797
100,1000000,0.021055
100,10000000,0.240654
400,10000,0.000052
400,100000,0.000710
400,1000000,0.020635
400,10000000,0.240080
1024,10000,0.000051
1024,100000,0.000663
1024,1000000,0.020182
1024,10000000,0.237010
