Data,Iterations,Time
4,10000,0.000053
4,100000,0.000781
4,1000000,0.023064
4,10000000,0.243119
9,10000,0.000051
9,100000,0.000691
9,1000000,0.016055
9,10000000,0.247534
100,10000,0.000050
100,100000,0.000648
100,1000000,0.020851
100,10000000,0.243884
400,10000,0.000048
400,100000,0.000641
400,1000000,0.020675
400,10000000,0.241981
1024,10000,0.000051
1024,100000,0.000741
1024,1000000,0.020500
1024,10000000,0.242651
