Data,Iterations,Time
4,10000,0.000431
4,100000,0.004551
4,1000000,0.053628
4,10000000,0.630803
9,10000,0.000476
9,100000,0.004391
9,1000000,0.050519
9,10000000,0.632116
100,10000,0.000238
100,100000,0.003602
100,1000000,0.051898
100,10000000,0.633214
400,10000,0.000249
400,100000,0.003125
400,1000000,0.047880
400,10000000,0.625746
1024,10000,0.000218
1024,100000,0.003204
1024,1000000,0.047294
1024,10000000,0.630200
