Data,Iterations,Time
4,10000,0.000642
4,100000,0.006595
4,1000000,0.061324
4,10000000,0.667164
9,10000,0.000493
9,100000,0.004539
9,1000000,0.048911
9,10000000,0.663911
100,10000,0.000242
100,100000,0.003300
100,1000000,0.049374
100,10000000,0.638538
400,10000,0.000237
400,100000,0.003262
400,1000000,0.048639
400,10000000,0.644782
1024,10000,0.000228
1024,100000,0.003220
1024,1000000,0.048909
1024,10000000,0.641086
