Data,Iterations,Time
4,10000,0.000493
4,100000,0.004702
4,1000000,0.062700
4,10000000,0.674847
10,10000,0.000514
10,100000,0.004626
10,1000000,0.050678
10,10000000,0.659545
100,10000,0.000256
100,100000,0.003461
100,1000000,0.050455
100,10000000,0.635840
400,10000,0.000232
400,100000,0.003352
400,1000000,0.048513
400,10000000,0.632793
1000,10000,0.000224
1000,100000,0.003280
1000,1000000,0.048236
1000,10000000,0.632017
