Data,Iterations,Time
4,10000,0.000654
4,100000,0.005526
4,1000000,0.057873
4,10000000,0.671979
9,10000,0.000474
9,100000,0.004428
9,1000000,0.049566
9,10000000,0.667390
100,10000,0.000276
100,100000,0.003048
100,1000000,0.048328
100,10000000,0.637393
400,10000,0.000255
400,100000,0.003420
400,1000000,0.048176
400,10000000,0.642802
1024,10000,0.000219
1024,100000,0.003233
1024,1000000,0.049259
1024,10000000,0.639241
