Data,Iterations,Time
4,10000,0.000189
4,100000,0.000400
4,1000000,0.002193
4,10000000,0.021777
9,10000,0.000021
9,100000,0.000208
9,1000000,0.002069
9,10000000,0.021937
100,10000,0.000021
100,100000,0.000206
100,1000000,0.002120
100,10000000,0.021917
400,10000,0.000021
400,100000,0.000207
400,1000000,0.002124
400,10000000,0.021910
1024,10000,0.000021
1024,100000,0.000212
1024,1000000,0.002070
1024,10000000,0.021919
