Data,Iterations,Time
4,10000,0.000022
4,100000,0.000223
4,1000000,0.002270
4,10000000,0.021424
9,10000,0.000021
9,100000,0.000206
9,1000000,0.002114
9,10000000,0.020127
100,10000,0.000022
100,100000,0.000215
100,1000000,0.001996
100,10000000,0.020184
400,10000,0.000021
400,100000,0.000211
400,1000000,0.002024
400,10000000,0.020401
1024,10000,0.000022
1024,100000,0.000215
1024,1000000,0.002075
1024,10000000,0.020261
