Data,Iterations,Time
4,10000,0.000022
4,100000,0.000215
4,1000000,0.002240
4,10000000,0.021645
9,10000,0.000021
9,100000,0.000211
9,1000000,0.002237
9,10000000,0.021968
100,10000,0.000021
100,100000,0.000213
100,1000000,0.002194
100,10000000,0.021873
400,10000,0.000020
400,100000,0.000208
400,1000000,0.002104
400,10000000,0.021920
1024,10000,0.000020
1024,100000,0.000206
1024,1000000,0.002106
1024,10000000,0.021955
