Data,Iterations,Time
4,10000,0.000022
4,100000,0.000225
4,1000000,0.002243
4,10000000,0.022066
9,10000,0.000021
9,100000,0.000208
9,1000000,0.002163
9,10000000,0.022417
100,10000,0.000023
100,100000,0.000226
100,1000000,0.002220
100,10000000,0.022639
400,10000,0.000024
400,100000,0.000219
400,1000000,0.002253
400,10000000,0.022369
1024,10000,0.000023
1024,100000,0.000212
1024,1000000,0.002171
1024,10000000,0.021884
