Data,Iterations,Time
4,10000,0.000154
4,100000,0.000689
4,1000000,0.002061
4,10000000,0.021879
9,10000,0.000021
9,100000,0.000211
9,1000000,0.002152
9,10000000,0.022171
100,10000,0.000022
100,100000,0.000213
100,1000000,0.002139
100,10000000,0.022134
400,10000,0.000021
400,100000,0.000208
400,1000000,0.002139
400,10000000,0.022242
1024,10000,0.000021
1024,100000,0.000216
1024,1000000,0.002146
1024,10000000,0.022228
