Data,Iterations,Time
4,10000,0.0615
4,100000,0.03277
4,1000000,0.03559
4,10000000,0.04841
9,10000,0.03479
9,100000,0.03106
9,1000000,0.03365
9,10000000,0.04424
100,10000,0.033
100,100000,0.03307
100,1000000,0.03442
100,10000000,0.0422
400,10000,0.03384
400,100000,0.0337
400,1000000,0.03486
400,10000000,0.0414
1024,10000,0.03323
1024,100000,0.03168
1024,1000000,0.03314
1024,10000000,0.04333
