Data,Iterations,Time
4,10000,0.007027
4,100000,0.0008383
4,1000000,0.009199
4,10000000,0.1534
9,10000,0.002473
9,100000,0.002107
9,1000000,0.009612
9,10000000,0.1563
100,10000,0.002456
100,100000,0.002387
100,1000000,0.009601
100,10000000,0.1673
400,10000,0.002958
400,100000,0.002732
400,1000000,0.009322
400,10000000,0.1659
1024,10000,0.003028
1024,100000,0.0007841
1024,1000000,0.008852
1024,10000000,0.169
