Data,Iterations,Time
4,10000,0.000823
4,100000,0.000389
4,1000000,0.002595
4,10000000,0.007502
9,10000,0.003540
9,100000,0.000975
9,1000000,0.000548
9,10000000,0.004456
100,10000,0.000093
100,100000,0.000072
100,1000000,0.000480
100,10000000,0.004445
400,10000,0.000020
400,100000,0.000170
400,1000000,0.000515
400,10000000,0.010126
1024,10000,0.006908
1024,100000,0.007947
1024,1000000,0.001306
1024,10000000,0.004701
