Data,Iterations,Time
4,10000,0.000006
4,100000,0.000023
4,1000000,0.000199
4,10000000,0.001952
9,10000,0.000006
9,100000,0.000023
9,1000000,0.000208
9,10000000,0.001952
100,10000,0.000006
100,100000,0.000023
100,1000000,0.000199
100,10000000,0.001952
400,10000,0.000006
400,100000,0.000024
400,1000000,0.000200
400,10000000,0.001952
1024,10000,0.000006
1024,100000,0.000023
1024,1000000,0.000199
1024,10000000,0.001953
