Data,Iterations,Time
4,10000,0.000026
4,100000,0.000027
4,1000000,0.000185
4,10000000,0.001480
9,10000,0.000007
9,100000,0.000022
9,1000000,0.000166
9,10000000,0.001479
100,10000,0.000008
100,100000,0.000033
100,1000000,0.000190
100,10000000,0.001479
400,10000,0.000006
400,100000,0.000037
400,1000000,0.000197
400,10000000,0.001480
1024,10000,0.000008
1024,100000,0.000021
1024,1000000,0.000176
1024,10000000,0.001480
