Data,Iterations,Time
4,10000,0.000007
4,100000,0.000024
4,1000000,0.000205
4,10000000,0.001954
9,10000,0.000007
9,100000,0.000035
9,1000000,0.000165
9,10000000,0.001475
100,10000,0.000005
100,100000,0.000026
100,1000000,0.000181
100,10000000,0.001474
400,10000,0.000006
400,100000,0.000034
400,1000000,0.000165
400,10000000,0.001475
1024,10000,0.000006
1024,100000,0.000019
1024,1000000,0.000157
1024,10000000,0.001475
