Data,Iterations,Time
4,10000,0.03995
4,100000,0.0004928
4,1000000,0.002745
4,10000000,0.025
9,10000,0.0002043
9,100000,0.0002432
9,1000000,0.00256
9,10000000,0.02502
100,10000,0.0002216
100,100000,0.0002604
100,1000000,0.002608
100,10000000,0.02502
400,10000,0.0002039
400,100000,0.0002735
400,1000000,0.002664
400,10000000,0.02498
1024,10000,0.0001951
1024,100000,0.0002417
1024,1000000,0.002702
1024,10000000,0.02498
