Data,Iterations,Time
4,10000,0.000033
4,100000,0.000455
4,1000000,0.020721
4,10000000,0.247091
9,10000,0.000032
9,100000,0.000457
9,1000000,0.020791
9,10000000,0.247162
100,10000,0.000031
100,100000,0.000438
100,1000000,0.021041
100,10000000,0.248743
400,10000,0.000031
400,100000,0.000460
400,1000000,0.021092
400,10000000,0.248613
1024,10000,0.000034
1024,100000,0.000441
1024,1000000,0.020882
1024,10000000,0.247139
