Data,Iterations,Time
4,10000,0.1382
4,100000,0.05558
4,1000000,0.05683
4,10000000,0.06368
9,10000,0.04568
9,100000,0.05287
9,1000000,0.05318
9,10000000,0.05948
100,10000,0.04601
100,100000,0.05216
100,1000000,0.05326
100,10000000,0.0584
400,10000,0.04905
400,100000,0.05182
400,1000000,0.05374
400,10000000,0.05898
1024,10000,0.04424
1024,100000,0.05218
1024,1000000,0.05249
1024,10000000,0.05846
