Data,Iterations,Time
4,10000,3.851e-05
4,100000,5.905e-05
4,1000000,0.0001045
4,10000000,0.0006715
9,10000,4.521e-05
9,100000,9.638e-05
9,1000000,9.622e-05
9,10000000,0.0007727
100,10000,8.641e-05
100,100000,7.863e-05
100,1000000,0.0001044
100,10000000,0.0007425
400,10000,4.227e-05
400,100000,5.468e-05
400,1000000,0.0001001
400,10000000,0.000773
1024,10000,8.406e-05
1024,100000,5.61e-05
1024,1000000,0.0001026
1024,10000000,0.0006955
