Data,Iterations,Time
4,10000,0.0001294
4,100000,0.00127
4,1000000,0.01371
4,10000000,0.2094
9,10000,0.0001563
9,100000,0.001305
9,1000000,0.01344
9,10000000,0.2159
100,10000,0.000138
100,100000,0.001268
100,1000000,0.01391
100,10000000,0.2173
400,10000,0.0001394
400,100000,0.001324
400,1000000,0.01466
400,10000000,0.2189
1024,10000,0.0001446
1024,100000,0.001304
1024,1000000,0.01443
1024,10000000,0.2177
