Data,Iterations,Time
4,10000,0.000383
4,100000,0.000381
4,1000000,0.000626
4,10000000,0.003994
9,10000,0.000622
9,100000,0.009119
9,1000000,0.000678
9,10000000,0.003945
100,10000,0.000839
100,100000,0.000305
100,1000000,0.000619
100,10000000,0.004014
400,10000,0.000611
400,100000,0.000304
400,1000000,0.000748
400,10000000,0.003962
1024,10000,0.000907
1024,100000,0.000275
1024,1000000,0.000716
1024,10000000,0.003854
