Data,Iterations,Time
4,10000,0.002383
4,100000,0.000577
4,1000000,0.000768
4,10000000,0.004057
9,10000,0.001562
9,100000,0.003109
9,1000000,0.002015
9,10000000,0.005051
100,10000,0.002339
100,100000,0.002215
100,1000000,0.002592
100,10000000,0.004250
400,10000,0.000979
400,100000,0.002294
400,1000000,0.003265
400,10000000,0.005830
1024,10000,0.002291
1024,100000,0.001901
1024,1000000,0.002648
1024,10000000,0.004310
