Data,Iterations,Time
4,10000,0.000005
4,100000,0.000020
4,1000000,0.000167
4,10000000,0.001634
9,10000,0.000005
9,100000,0.000020
9,1000000,0.000173
9,10000000,0.001633
100,10000,0.000005
100,100000,0.000020
100,1000000,0.000173
100,10000000,0.001633
400,10000,0.000005
400,100000,0.000020
400,1000000,0.000171
400,10000000,0.001632
1024,10000,0.000008
1024,100000,0.000020
1024,1000000,0.000171
1024,10000000,0.001632
