Data,Iterations,Time
4,10000,0.000001
4,100000,0.000011
4,1000000,0.000110
4,10000000,0.001078
9,10000,0.000002
9,100000,0.000011
9,1000000,0.000120
9,10000000,0.001079
100,10000,0.000001
100,100000,0.000011
100,1000000,0.000120
100,10000000,0.001079
400,10000,0.000001
400,100000,0.000011
400,1000000,0.000120
400,10000000,0.001079
1024,10000,0.000001
1024,100000,0.000011
1024,1000000,0.000114
1024,10000000,0.001116
