Data,Iterations,Time
4,10000,0.002778
4,100000,0.001416
4,1000000,0.001643
4,10000000,0.004344
9,10000,0.002439
9,100000,0.000588
9,1000000,0.000942
9,10000000,0.004107
100,10000,0.002504
100,100000,0.000598
100,1000000,0.000881
100,10000000,0.004090
400,10000,0.001207
400,100000,0.000482
400,1000000,0.001133
400,10000000,0.004106
1024,10000,0.002194
1024,100000,0.001078
1024,1000000,0.002527
1024,10000000,0.004873
