Data,Iterations,Time
4,10000,0.000001
4,100000,0.000011
4,1000000,0.000127
4,10000000,0.001110
9,10000,0.000002
9,100000,0.000012
9,1000000,0.000120
9,10000000,0.001293
100,10000,0.000002
100,100000,0.000011
100,1000000,0.000120
100,10000000,0.001131
400,10000,0.000001
400,100000,0.000013
400,1000000,0.000121
400,10000000,0.001120
1024,10000,0.000002
1024,100000,0.000011
1024,1000000,0.000116
1024,10000000,0.001178
