Data,Iterations,Time
4,10000,0.000005
4,100000,0.000021
4,1000000,0.000185
4,10000000,0.001638
9,10000,0.000006
9,100000,0.000020
9,1000000,0.000189
9,10000000,0.001638
100,10000,0.000006
100,100000,0.000022
100,1000000,0.000186
100,10000000,0.001638
400,10000,0.000005
400,100000,0.000021
400,1000000,0.000181
400,10000000,0.001637
1024,10000,0.000006
1024,100000,0.000022
1024,1000000,0.000175
1024,10000000,0.001637
