Data,Iterations,Time
4,10000,0.000075
4,100000,0.000018
4,1000000,0.000111
4,10000000,0.001163
9,10000,0.000001
9,100000,0.000011
9,1000000,0.000112
9,10000000,0.001078
100,10000,0.000001
100,100000,0.000011
100,1000000,0.000112
100,10000000,0.001079
400,10000,0.000001
400,100000,0.000011
400,1000000,0.000121
400,10000000,0.001083
1024,10000,0.000001
1024,100000,0.000011
1024,1000000,0.000116
1024,10000000,0.001079
