Data,Iterations,Time
4,10000,0.007818
4,100000,0.007709
4,1000000,0.007162
4,10000000,0.003984
9,10000,0.000870
9,100000,0.000267
9,1000000,0.000641
9,10000000,0.003969
100,10000,0.000779
100,100000,0.000282
100,1000000,0.000591
100,10000000,0.003978
400,10000,0.000674
400,100000,0.006855
400,1000000,0.014574
400,10000000,0.003981
1024,10000,0.000532
1024,100000,0.000294
1024,1000000,0.000634
1024,10000000,0.003924
