Data,Iterations,Time
4,10000,0.000002
4,100000,0.000012
4,1000000,0.000119
4,10000000,0.001248
9,10000,0.000001
9,100000,0.000013
9,1000000,0.000132
9,10000000,0.001150
100,10000,0.000002
100,100000,0.000012
100,1000000,0.000124
100,10000000,0.001207
400,10000,0.000002
400,100000,0.000012
400,1000000,0.000123
400,10000000,0.001095
1024,10000,0.000001
1024,100000,0.000011
1024,1000000,0.000117
1024,10000000,0.001173
