Data,Iterations,Time
4,10000,0.001860
4,100000,0.003195
4,1000000,0.001100
4,10000000,0.005158
9,10000,0.001564
9,100000,0.000506
9,1000000,0.001626
9,10000000,0.005264
100,10000,0.001404
100,100000,0.001821
100,1000000,0.004608
100,10000000,0.007477
400,10000,0.001327
400,100000,0.000492
400,1000000,0.001677
400,10000000,0.005239
1024,10000,0.001644
1024,100000,0.000497
1024,1000000,0.002276
1024,10000000,0.005079
