Data,Iterations,Time
4,10000,0.000076
4,100000,0.000018
4,1000000,0.000115
4,10000000,0.001136
9,10000,0.000002
9,100000,0.000011
9,1000000,0.000121
9,10000000,0.001165
100,10000,0.000001
100,100000,0.000011
100,1000000,0.000130
100,10000000,0.001133
400,10000,0.000001
400,100000,0.000011
400,1000000,0.000121
400,10000000,0.001218
1024,10000,0.000001
1024,100000,0.000011
1024,1000000,0.000118
1024,10000000,0.001095
