Data,Iterations,Time
4,10000,9.216e-06
4,100000,2.56e-05
4,1000000,0.0002253
4,10000000,0.002216
9,10000,7.168e-06
9,100000,2.56e-05
9,1000000,0.0002253
9,10000000,0.002216
100,10000,6.144e-06
100,100000,2.56e-05
100,1000000,0.0002253
100,10000000,0.002218
400,10000,6.144e-06
400,100000,2.56e-05
400,1000000,0.0002253
400,10000000,0.002217
1024,10000,8.192e-06
1024,100000,2.662e-05
1024,1000000,0.0002243
1024,10000000,0.002218
