Data,Iterations,Time
4,10000,5.117e-06
4,100000,2.048e-05
4,1000000,0.0001834
4,10000000,0.001678
9,10000,5.418e-06
9,100000,1.996e-05
9,1000000,0.0001735
9,10000000,0.001676
100,10000,6.554e-06
100,100000,2.457e-05
100,1000000,0.0001937
100,10000000,0.001677
400,10000,5.734e-06
400,100000,2.109e-05
400,1000000,0.0001805
400,10000000,0.001676
1024,10000,5.837e-06
1024,100000,2.294e-05
1024,1000000,0.0001898
1024,10000000,0.001676
