Data,Iterations,Time
4,10000,0.04832
4,100000,0.0004308
4,1000000,0.001994
4,10000000,0.0193
9,10000,0.0001622
9,100000,0.0001649
9,1000000,0.001972
9,10000000,0.0192
100,10000,0.0001521
100,100000,0.0001723
100,1000000,0.001982
100,10000000,0.01921
400,10000,0.000155
400,100000,0.000176
400,1000000,0.002092
400,10000000,0.01919
1024,10000,0.0001728
1024,100000,0.0001924
1024,1000000,0.00207
1024,10000000,0.01921
