Data,Iterations,Time
4,10000,0.000686
4,100000,0.005693
4,1000000,0.053769
4,10000000,0.634785
9,10000,0.000504
9,100000,0.004501
9,1000000,0.048272
9,10000000,0.635553
100,10000,0.000223
100,100000,0.003229
100,1000000,0.048057
100,10000000,0.631787
400,10000,0.000255
400,100000,0.003332
400,1000000,0.048379
400,10000000,0.637208
1024,10000,0.000226
1024,100000,0.003153
1024,1000000,0.047327
1024,10000000,0.633653
