Data,Iterations,Time
4,10000,0.000039
4,100000,0.000200
4,1000000,0.002150
4,10000000,0.022089
9,10000,0.000022
9,100000,0.000211
9,1000000,0.002055
9,10000000,0.021096
100,10000,0.000021
100,100000,0.000206
100,1000000,0.002100
100,10000000,0.021986
400,10000,0.000022
400,100000,0.000212
400,1000000,0.002078
400,10000000,0.021832
1024,10000,0.000026
1024,100000,0.000201
1024,1000000,0.002107
1024,10000000,0.021455
