Data,Iterations,Time
4,10000,0.000067
4,100000,0.000675
4,1000000,0.002066
4,10000000,0.020958
9,10000,0.000023
9,100000,0.000225
9,1000000,0.002039
9,10000000,0.021169
100,10000,0.000020
100,100000,0.000202
100,1000000,0.002049
100,10000000,0.021446
400,10000,0.000024
400,100000,0.000201
400,1000000,0.002209
400,10000000,0.021603
1024,10000,0.000025
1024,100000,0.000201
1024,1000000,0.002056
1024,10000000,0.021298
