Data,Iterations,Time
4,10000,0.000068
4,100000,0.000666
4,1000000,0.002008
4,10000000,0.021421
9,10000,0.000021
9,100000,0.000205
9,1000000,0.002082
9,10000000,0.021816
100,10000,0.000022
100,100000,0.000206
100,1000000,0.002159
100,10000000,0.021526
400,10000,0.000021
400,100000,0.000208
400,1000000,0.002075
400,10000000,0.021577
1024,10000,0.000025
1024,100000,0.000204
1024,1000000,0.002095
1024,10000000,0.021587
