Data,Iterations,Time
4,10000,0.000022
4,100000,0.000206
4,1000000,0.002221
4,10000000,0.021617
9,10000,0.000021
9,100000,0.000203
9,1000000,0.002099
9,10000000,0.021231
100,10000,0.000021
100,100000,0.000202
100,1000000,0.002143
100,10000000,0.021396
400,10000,0.000020
400,100000,0.000207
400,1000000,0.002017
400,10000000,0.021263
1024,10000,0.000021
1024,100000,0.000205
1024,1000000,0.002059
1024,10000000,0.021358
