Data,Iterations,Time
4,10000,0.000027
4,100000,0.000203
4,1000000,0.002248
4,10000000,0.021875
9,10000,0.000025
9,100000,0.000201
9,1000000,0.002136
9,10000000,0.020752
100,10000,0.000021
100,100000,0.000206
100,1000000,0.002006
100,10000000,0.021092
400,10000,0.000021
400,100000,0.000206
400,1000000,0.001998
400,10000000,0.020963
1024,10000,0.000021
1024,100000,0.000205
1024,1000000,0.002002
1024,10000000,0.021046
