Data,Iterations,Time
4,10000,0.000023
4,100000,0.000222
4,1000000,0.002341
4,10000000,0.020425
10,10000,0.000021
10,100000,0.000206
10,1000000,0.002098
10,10000000,0.020741
100,10000,0.000021
100,100000,0.000212
100,1000000,0.002101
100,10000000,0.021964
400,10000,0.000023
400,100000,0.000222
400,1000000,0.002135
400,10000000,0.021809
1000,10000,0.000022
1000,100000,0.000206
1000,1000000,0.002125
1000,10000000,0.020635
