Data,Iterations,Time
4,10000,0.000065
4,100000,0.000634
4,1000000,0.002467
4,10000000,0.023023
9,10000,0.000024
9,100000,0.000198
9,1000000,0.002024
9,10000000,0.021669
100,10000,0.000021
100,100000,0.000205
100,1000000,0.002119
100,10000000,0.021827
400,10000,0.000026
400,100000,0.000206
400,1000000,0.002073
400,10000000,0.022065
1024,10000,0.000022
1024,100000,0.000205
1024,1000000,0.002106
1024,10000000,0.022516
