Data,Iterations,Time
4,10000,0.000124
4,100000,0.000237
4,1000000,0.002449
4,10000000,0.020196
9,10000,0.000020
9,100000,0.000198
9,1000000,0.002015
9,10000000,0.020252
100,10000,0.000020
100,100000,0.000196
100,1000000,0.002110
100,10000000,0.020161
400,10000,0.000020
400,100000,0.000198
400,1000000,0.002066
400,10000000,0.020907
1024,10000,0.000020
1024,100000,0.000202
1024,1000000,0.002156
1024,10000000,0.020380
