Data,Iterations,Time
4,10000,0.000022
4,100000,0.000232
4,1000000,0.002359
4,10000000,0.021835
9,10000,0.000021
9,100000,0.000208
9,1000000,0.007129
9,10000000,0.021538
100,10000,0.000021
100,100000,0.000212
100,1000000,0.002096
100,10000000,0.021458
400,10000,0.000020
400,100000,0.000208
400,1000000,0.002120
400,10000000,0.021573
1024,10000,0.000021
1024,100000,0.000227
1024,1000000,0.004075
1024,10000000,0.021696
