Data,Iterations,Time
4,10000,0.000067
4,100000,0.000667
4,1000000,0.002076
4,10000000,0.020278
9,10000,0.000025
9,100000,0.000203
9,1000000,0.002017
9,10000000,0.020458
100,10000,0.000021
100,100000,0.000202
100,1000000,0.002150
100,10000000,0.020762
400,10000,0.000026
400,100000,0.000201
400,1000000,0.002067
400,10000000,0.020804
1024,10000,0.000026
1024,100000,0.000202
1024,1000000,0.002030
1024,10000000,0.020891
