Data,Iterations,Time
4,10000,0.000010
4,100000,0.000026
4,1000000,0.000219
4,10000000,0.002165
10,10000,0.000006
10,100000,0.000026
10,1000000,0.000219
10,10000000,0.002164
100,10000,0.000007
100,100000,0.000025
100,1000000,0.000220
100,10000000,0.002164
400,10000,0.000007
400,100000,0.000025
400,1000000,0.000220
400,10000000,0.002165
1000,10000,0.000007
1000,100000,0.000026
1000,1000000,0.000220
1000,10000000,0.002165
