Data,Iterations,Time
4,10000,0.000012
4,100000,0.000026
4,1000000,0.000220
4,10000000,0.002168
9,10000,0.000006
9,100000,0.000026
9,1000000,0.000221
9,10000000,0.002168
100,10000,0.000006
100,100000,0.000025
100,1000000,0.000220
100,10000000,0.002170
400,10000,0.000006
400,100000,0.000026
400,1000000,0.000220
400,10000000,0.002169
1024,10000,0.000007
1024,100000,0.000025
1024,1000000,0.000220
1024,10000000,0.002168
