Data,Iterations,Time
4,10000,0.000010
4,100000,0.000025
4,1000000,0.000220
4,10000000,0.002168
10,10000,0.000007
10,100000,0.000025
10,1000000,0.000220
10,10000000,0.002169
100,10000,0.000006
100,100000,0.000026
100,1000000,0.000221
100,10000000,0.002169
400,10000,0.000006
400,100000,0.000026
400,1000000,0.000221
400,10000000,0.002169
1000,10000,0.000007
1000,100000,0.000026
1000,1000000,0.000220
1000,10000000,0.002169
