Data,Iterations,Time
4,10000,0.000012
4,100000,0.000028
4,1000000,0.000207
4,10000000,0.001963
9,10000,0.000013
9,100000,0.000031
9,1000000,0.000208
9,10000000,0.001956
100,10000,0.000012
100,100000,0.000025
100,1000000,0.000201
100,10000000,0.001959
400,10000,0.000013
400,100000,0.000027
400,1000000,0.000208
400,10000000,0.001957
1024,10000,0.000013
1024,100000,0.000031
1024,1000000,0.000202
1024,10000000,0.001956
