Data,Iterations,Time
4,10000,0.027072
4,100000,0.029472
4,1000000,0.204320
4,10000000,2.077152
10,10000,0.014528
10,100000,0.027232
10,1000000,0.207776
10,10000000,2.091360
100,10000,0.015552
100,100000,0.026368
100,1000000,0.200960
100,10000000,2.303104
400,10000,0.014080
400,100000,0.030912
400,1000000,0.200480
400,10000000,1.947424
1000,10000,0.014624
1000,100000,0.030080
1000,1000000,0.203360
1000,10000000,1.950624
