Data,Iterations,Time
4,10000,0.000012
4,100000,0.000029
4,1000000,0.000208
4,10000000,0.001960
9,10000,0.000013
9,100000,0.000025
9,1000000,0.000201
9,10000000,0.001960
100,10000,0.000012
100,100000,0.000025
100,1000000,0.000206
100,10000000,0.001961
400,10000,0.000012
400,100000,0.000028
400,1000000,0.000201
400,10000000,0.001960
1024,10000,0.000013
1024,100000,0.000029
1024,1000000,0.000201
1024,10000000,0.001959
