Data,Iterations,Time
4,10000,0.000013
4,100000,0.000029
4,1000000,0.000204
4,10000000,0.001958
10,10000,0.000013
10,100000,0.000032
10,1000000,0.000208
10,10000000,0.001960
100,10000,0.000012
100,100000,0.000032
100,1000000,0.000204
100,10000000,0.001959
400,10000,0.000013
400,100000,0.000031
400,1000000,0.000202
400,10000000,0.001961
1000,10000,0.000012
1000,100000,0.000028
1000,1000000,0.000202
1000,10000000,0.001959
