Data,Iterations,Time
4,10000,0.000015
4,100000,0.000033
4,1000000,0.000203
4,10000000,0.001956
9,10000,0.000014
9,100000,0.000032
9,1000000,0.000207
9,10000000,0.001958
100,10000,0.000013
100,100000,0.000028
100,1000000,0.000207
100,10000000,0.002044
400,10000,0.000014
400,100000,0.000031
400,1000000,0.000203
400,10000000,0.001958
1024,10000,0.000012
1024,100000,0.000028
1024,1000000,0.000203
1024,10000000,0.001962
