Data,Iterations,Time
4,10000,0.000013
4,100000,0.000030
4,1000000,0.000209
4,10000000,0.001962
9,10000,0.000013
9,100000,0.000026
9,1000000,0.000206
9,10000000,0.001961
100,10000,0.000010
100,100000,0.000030
100,1000000,0.000207
100,10000000,0.001963
400,10000,0.000012
400,100000,0.000027
400,1000000,0.000205
400,10000000,0.001959
1024,10000,0.000012
1024,100000,0.000028
1024,1000000,0.000202
1024,10000000,0.001959
