Data,Iterations,Time
4,10000,0.001920
4,100000,0.002144
4,1000000,0.002208
4,10000000,0.002272
10,10000,0.001856
10,100000,0.001984
10,1000000,0.002624
10,10000000,0.002112
100,10000,0.001824
100,100000,0.002272
100,1000000,0.002272
100,10000000,0.002112
400,10000,0.002208
400,100000,0.002112
400,1000000,0.001952
400,10000000,0.002400
1000,10000,0.001888
1000,100000,0.002272
1000,1000000,0.002528
1000,10000000,0.002464
