Data,Iterations,Time
4,10000,0.001984
4,100000,0.001792
4,1000000,0.002272
4,10000000,0.002240
10,10000,0.001856
10,100000,0.002080
10,1000000,0.002112
10,10000000,0.002464
100,10000,0.001920
100,100000,0.002080
100,1000000,0.002240
100,10000000,0.002112
400,10000,0.001856
400,100000,0.002016
400,1000000,0.002272
400,10000000,0.002208
1000,10000,0.002080
1000,100000,0.002080
1000,1000000,0.002240
1000,10000000,0.002528
