Data,Iterations,Time
4,10000,0.000014
4,100000,0.000030
4,1000000,0.000207
4,10000000,0.001962
9,10000,0.000013
9,100000,0.000029
9,1000000,0.000202
9,10000000,0.001960
100,10000,0.000013
100,100000,0.000028
100,1000000,0.000207
100,10000000,0.001962
400,10000,0.000014
400,100000,0.000030
400,1000000,0.000204
400,10000000,0.001958
1024,10000,0.000014
1024,100000,0.000031
1024,1000000,0.000207
1024,10000000,0.001961
