Data,Iterations,Time
4,10000,0.000014
4,100000,0.000030
4,1000000,0.000206
4,10000000,0.001961
10,10000,0.000014
10,100000,0.000027
10,1000000,0.000208
10,10000000,0.001960
100,10000,0.000013
100,100000,0.000031
100,1000000,0.000207
100,10000000,0.001961
400,10000,0.000014
400,100000,0.000031
400,1000000,0.000203
400,10000000,0.001958
1000,10000,0.000014
1000,100000,0.000029
1000,1000000,0.000203
1000,10000000,0.001961
