Data,Iterations,Time
4,10000,0.000013
4,100000,0.000030
4,1000000,0.000203
4,10000000,0.001959
9,10000,0.000012
9,100000,0.000028
9,1000000,0.000214
9,10000000,0.001962
100,10000,0.000012
100,100000,0.000029
100,1000000,0.000203
100,10000000,0.001963
400,10000,0.000012
400,100000,0.000032
400,1000000,0.000202
400,10000000,0.001964
1024,10000,0.000013
1024,100000,0.000029
1024,1000000,0.000202
1024,10000000,0.001962
