Data,Iterations,Time
4,10000,0.000015
4,100000,0.000030
4,1000000,0.000208
4,10000000,0.001958
10,10000,0.000013
10,100000,0.000031
10,1000000,0.000202
10,10000000,0.001969
100,10000,0.000013
100,100000,0.000030
100,1000000,0.000207
100,10000000,0.001962
400,10000,0.000012
400,100000,0.000032
400,1000000,0.000210
400,10000000,0.001962
1000,10000,0.000013
1000,100000,0.000033
1000,1000000,0.000208
1000,10000000,0.001960
