Data,Iterations,Time
4,10000,0.000014
4,100000,0.000027
4,1000000,0.000207
4,10000000,0.001959
10,10000,0.000013
10,100000,0.000030
10,1000000,0.000207
10,10000000,0.001960
100,10000,0.000014
100,100000,0.000027
100,1000000,0.000202
100,10000000,0.001964
400,10000,0.000013
400,100000,0.000029
400,1000000,0.000203
400,10000000,0.001961
1000,10000,0.000014
1000,100000,0.000029
1000,1000000,0.000207
1000,10000000,0.001964
