Data,Iterations,Time
4,10000,0.000013
4,100000,0.000030
4,1000000,0.000208
4,10000000,0.001959
9,10000,0.000007
9,100000,0.000025
9,1000000,0.000203
9,10000000,0.001959
100,10000,0.000014
100,100000,0.000364
100,1000000,0.000623
100,10000000,0.001962
400,10000,0.000013
400,100000,0.000029
400,1000000,0.000206
400,10000000,0.001961
1024,10000,0.000013
1024,100000,0.000028
1024,1000000,0.000202
1024,10000000,0.001957
