Data,Iterations,Time
4,10000,0.001920
4,100000,0.001760
4,1000000,0.002272
4,10000000,0.002176
10,10000,0.001824
10,100000,0.002048
10,1000000,0.002112
10,10000000,0.001952
100,10000,0.001952
100,100000,0.001824
100,1000000,0.002016
100,10000000,0.002336
400,10000,0.002208
400,100000,0.002144
400,1000000,0.002272
400,10000000,0.002208
1000,10000,0.001888
1000,100000,0.002144
1000,1000000,0.002208
1000,10000000,0.002368
