Data,Iterations,Time
4,10000,0.000012
4,100000,0.000030
4,1000000,0.000210
4,10000000,0.001957
9,10000,0.000013
9,100000,0.000032
9,1000000,0.000208
9,10000000,0.001958
100,10000,0.000012
100,100000,0.000025
100,1000000,0.000207
100,10000000,0.001956
400,10000,0.000013
400,100000,0.000030
400,1000000,0.000205
400,10000000,0.001968
1024,10000,0.000013
1024,100000,0.000030
1024,1000000,0.000207
1024,10000000,0.001963
