Data,Iterations,Time
4,10000,0.000012
4,100000,0.000027
4,1000000,0.000206
4,10000000,0.001960
9,10000,0.000012
9,100000,0.000026
9,1000000,0.000207
9,10000000,0.001959
100,10000,0.000013
100,100000,0.000025
100,1000000,0.000202
100,10000000,0.001962
400,10000,0.000012
400,100000,0.000030
400,1000000,0.000202
400,10000000,0.001959
1024,10000,0.000013
1024,100000,0.000026
1024,1000000,0.000207
1024,10000000,0.001958
