Data,Iterations,Time
4,10000,0.000494
4,100000,0.000415
4,1000000,0.006312
4,10000000,0.011821
9,10000,0.001091
9,100000,0.000301
9,1000000,0.000658
9,10000000,0.004346
100,10000,0.000485
100,100000,0.001812
100,1000000,0.000631
100,10000000,0.005418
400,10000,0.000959
400,100000,0.000401
400,1000000,0.009327
400,10000000,0.012092
1024,10000,0.000197
1024,100000,0.000258
1024,1000000,0.013376
1024,10000000,0.009336
