Data,Iterations,Time
4,10000,0.007531
4,100000,0.009454
4,1000000,0.012938
4,10000000,0.005600
9,10000,0.007370
9,100000,0.000404
9,1000000,0.007766
9,10000000,0.006255
100,10000,0.010371
100,100000,0.004630
100,1000000,0.005290
100,10000000,0.005739
400,10000,0.002468
400,100000,0.000315
400,1000000,0.008047
400,10000000,0.005553
1024,10000,0.000419
1024,100000,0.001450
1024,1000000,0.000670
1024,10000000,0.005456
