Data,Iterations,Time
4,10000,0.000367
4,100000,0.000288
4,1000000,0.000632
4,10000000,0.006419
9,10000,0.006828
9,100000,0.001381
9,1000000,0.000714
9,10000000,0.006351
100,10000,0.013858
100,100000,0.007700
100,1000000,0.007923
100,10000000,0.006128
400,10000,0.008821
400,100000,0.000266
400,1000000,0.000704
400,10000000,0.005868
1024,10000,0.004717
1024,100000,0.000274
1024,1000000,0.017975
1024,10000000,0.006239
