Data,Iterations,Time
4,10000,0.000367
4,100000,0.000248
4,1000000,0.000634
4,10000000,0.004265
9,10000,0.000253
9,100000,0.000287
9,1000000,0.000615
9,10000000,0.005829
100,10000,0.011854
100,100000,0.000275
100,1000000,0.000732
100,10000000,0.003830
400,10000,0.009345
400,100000,0.000475
400,1000000,0.000582
400,10000000,0.004056
1024,10000,0.000542
1024,100000,0.007004
1024,1000000,0.007884
1024,10000000,0.004242
