Data,Iterations,Time
4,10000,0.006786
4,100000,0.006728
4,1000000,0.000606
4,10000000,0.003944
9,10000,0.014702
9,100000,0.000344
9,1000000,0.000639
9,10000000,0.003935
100,10000,0.000215
100,100000,0.000298
100,1000000,0.000623
100,10000000,0.004839
400,10000,0.010870
400,100000,0.009664
400,1000000,0.000861
400,10000000,0.008709
1024,10000,0.003517
1024,100000,0.008375
1024,1000000,0.000606
1024,10000000,0.004163
