Data,Iterations,Time
4,10000,0.000011
4,100000,0.000027
4,1000000,0.000221
4,10000000,0.002170
9,10000,0.000007
9,100000,0.000026
9,1000000,0.000220
9,10000000,0.002169
100,10000,0.000007
100,100000,0.000026
100,1000000,0.000221
100,10000000,0.002170
400,10000,0.000007
400,100000,0.000026
400,1000000,0.000220
400,10000000,0.002170
1024,10000,0.000006
1024,100000,0.000025
1024,1000000,0.000221
1024,10000000,0.002169
