Data,Iterations,Time
4,10000,0.000029
4,100000,0.000026
4,1000000,0.000220
4,10000000,0.002166
9,10000,0.000008
9,100000,0.000026
9,1000000,0.000220
9,10000000,0.002167
100,10000,0.000006
100,100000,0.000026
100,1000000,0.000220
100,10000000,0.002166
400,10000,0.000007
400,100000,0.000025
400,1000000,0.000220
400,10000000,0.002166
1024,10000,0.000010
1024,100000,0.000025
1024,1000000,0.000220
1024,10000000,0.002165
