Data,Iterations,Time
4,10000,0.000389
4,100000,0.000317
4,1000000,0.000582
4,10000000,0.003915
9,10000,0.000466
9,100000,0.000324
9,1000000,0.006328
9,10000000,0.004907
100,10000,0.000901
100,100000,0.006003
100,1000000,0.014757
100,10000000,0.003881
400,10000,0.008309
400,100000,0.003174
400,1000000,0.008126
400,10000000,0.004553
1024,10000,0.007067
1024,100000,0.002718
1024,1000000,0.004839
1024,10000000,0.003851
